Title, Company, Region, Link
Intern Software Engineer
, 
AiDash , ğŸ‡®ğŸ‡³ India, https://remoteok.com/remote-jobs/remote-intern-software-engineer-aidash-797240
Senior Staff Software Engineer Backend Python
, 
Close , ğŸ‡ºğŸ‡¸ United States, https://remoteok.com/remote-jobs/remote-senior-staff-software-engineer-backend-python-close-662302
Machine Learning Engineer 2
, 
Parspec , ğŸ‡®ğŸ‡³ India, https://remoteok.com/remote-jobs/remote-machine-learning-engineer-2-parspec-793243
SRE
, 
Status SNT , Remote (Worldwide), https://remoteok.com/remote-jobs/remote-sre-status-snt-792471
Software Engineer II Backend
, 
Life360 , ğŸ‡ºğŸ‡¸ United States, https://remoteok.com/remote-jobs/remote-software-engineer-ii-backend-life360-790435
Senior Analytics Engineer
, 
dbt Labs , ğŸŒ Probably worldwide, https://remoteok.com/remote-jobs/remote-senior-analytics-engineer-dbt-labs-790249
Backend Software Engineer
, 
Enveritas , ğŸ‡ºğŸ‡¸ United States, https://remoteok.com/remote-jobs/remote-backend-software-engineer-enveritas-789756
Senior Software Engineer Multi User Admin Teams
, 
SurveyMonkey , ğŸ‡®ğŸ‡³ India, https://remoteok.com/remote-jobs/remote-senior-software-engineer-multi-user-admin-teams-surveymonkey-789695
Senior Data Engineer
, 
0x Project , San Francisco, Remote, https://remoteok.com/remote-jobs/remote-senior-data-engineer-0x-project-789520
Senior Data Scientist
, 
Coinbase , ğŸ‡¬ğŸ‡§ United Kingdom, https://remoteok.com/remote-jobs/remote-senior-data-scientist-coinbase-789523
Site Reliability Engineer
, 
FreshBooks , ğŸ‡²ğŸ‡½ Mexico, https://remoteok.com/remote-jobs/remote-site-reliability-engineer-freshbooks-788706
Staff Software Engineer Full stack
, 
Plotly , ğŸŒ Probably worldwide, https://remoteok.com/remote-jobs/remote-staff-software-engineer-full-stack-plotly-788580
Data Scientist II
, 
PagerDuty , ğŸ‡¨ğŸ‡± Chile, https://remoteok.com/remote-jobs/remote-data-scientist-ii-pagerduty-788443
Backend Software Engineer
, 
Enveritas , ğŸ‡ºğŸ‡¸ United States, https://remoteok.com/remote-jobs/remote-backend-software-engineer-enveritas-788157
Machine Learning Customer Engineer
, 
Snorkel AI , ğŸ‡ºğŸ‡¸ United States, https://remoteok.com/remote-jobs/remote-machine-learning-customer-engineer-snorkel-ai-788020
Network Operations Engineer
, 
LivePerson , ğŸ‡¦ğŸ‡º Australia, https://remoteok.com/remote-jobs/remote-network-operations-engineer-liveperson-787138
Senior Software Engineer ll Multi Cell
, 
dbt Labs , ğŸŒ Probably worldwide, https://remoteok.com/remote-jobs/remote-senior-software-engineer-ll-multi-cell-dbt-labs-785326
Senior Staff Machine Learning Engineer
, 
GoFundMe , ğŸŒ Probably worldwide, https://remoteok.com/remote-jobs/remote-senior-staff-machine-learning-engineer-gofundme-785266
Machine Learning Engineer
, 
Transcarent , ğŸ‡ºğŸ‡¸ United States, https://remoteok.com/remote-jobs/remote-machine-learning-engineer-transcarent-784272
Data Scientist Product
, 
Thumbtack , ğŸ‡ºğŸ‡¸ United States, https://remoteok.com/remote-jobs/remote-data-scientist-product-thumbtack-782028